image_id,Fechi__boarded_windows,Fechi__broken_windows,Fechi__damaged_roof_shingles,Fechi__deteriorating_chimney,Fechi__graffiti,Fechi__inoperable_vehicle,Fechi__junk_trash_accumulation,Fechi__overgrown_vegetation,Fechi__peeling_paint,Niping__boarded_windows,Niping__broken_windows,Niping__damaged_roof_shingles,Niping__deteriorating_chimney,Niping__graffiti,Niping__inoperable_vehicle,Niping__junk_trash_accumulation,Niping__overgrown_vegetation,Niping__peeling_paint,Jake__boarded_windows,Jake__broken_windows,Jake__damaged_roof_shingles,Jake__deteriorating_chimney,Jake__graffiti,Jake__inoperable_vehicle,Jake__junk_trash_accumulation,Jake__overgrown_vegetation,Jake__peeling_paint
img_000,1,1,-1,-1,0,0,0,1,1,1,0,-1,0,0,0,0,1,1,1,1,0,0,0,0,0,1,0
img_001,1,0,-1,-1,0,0,1,1,1,1,1,1,1,0,0,0,1,1,1,-1,0,0,0,0,1,0,1
img_002,1,0,-1,-1,0,0,0,0,1,1,1,-1,-1,0,0,0,-1,1,1,1,0,0,0,0,0,0,1
img_003,1,0,0,-1,0,0,0,1,1,1,0,-1,-1,0,0,0,1,0,1,0,0,0,0,0,0,0,0
img_004,1,0,1,0,0,0,0,1,1,1,-1,1,0,0,0,0,1,1,1,0,1,0,0,0,0,1,1
img_005,1,1,1,0,0,0,1,1,1,1,0,-1,0,0,0,1,1,1,1,1,0,0,0,0,1,0,1
img_006,1,1,1,0,0,0,1,1,1,1,1,0,-1,0,0,1,1,1,1,1,0,0,0,0,1,1,1
img_007,1,0,0,0,0,0,0,0,1,1,-1,-1,-1,0,0,0,0,1,1,0,0,0,0,0,0,0,1
img_008,0,1,0,-1,0,0,0,0,0,0,1,-1,-1,0,0,-1,-1,1,0,1,0,0,0,0,0,0,0
img_009,0,1,0,-1,-1,-1,-1,-1,1,0,1,-1,-1,0,0,0,0,1,0,1,0,0,0,0,0,0,1
img_010,0,1,0,-1,-1,-1,-1,-1,-1,0,1,-1,-1,0,0,-1,-1,-1,0,1,0,0,0,0,0,0,0
img_011,0,1,0,-1,-1,-1,-1,-1,1,0,1,-1,-1,0,0,-1,-1,1,0,1,0,0,0,0,0,0,1
img_012,0,1,0,-1,-1,-1,-1,-1,1,0,1,-1,-1,0,0,-1,-1,1,0,1,0,0,0,0,0,0,1
img_013,0,1,0,-1,-1,-1,-1,-1,1,0,1,-1,-1,0,0,-1,-1,-1,0,1,0,0,0,0,0,0,1
img_014,0,1,-1,-1,-1,-1,-1,-1,1,0,1,-1,-1,0,0,-1,-1,1,0,1,0,0,0,0,0,0,1
img_015,0,1,-1,-1,-1,-1,-1,-1,1,0,1,-1,-1,0,0,-1,-1,1,0,1,0,0,1,0,0,0,0
img_016,1,1,-1,-1,-1,-1,-1,-1,1,0,1,-1,-1,0,0,-1,-1,1,1,1,0,0,0,0,0,0,1
img_017,0,0,1,1,0,0,1,0,1,0,1,1,1,1,0,1,1,1,0,1,1,0,0,0,0,0,1
img_018,0,1,-1,-1,-1,-1,-1,-1,1,0,1,-1,-1,0,0,-1,-1,1,0,1,0,0,0,0,0,0,0
img_019,0,1,-1,-1,-1,-1,-1,-1,1,0,1,-1,-1,0,0,-1,-1,1,0,1,0,0,0,0,0,0,1
img_020,0,-1,1,-1,0,-1,-1,-1,1,-1,-1,1,-1,-1,-1,-1,-1,-1,0,0,1,0,0,0,0,0,1
img_021,1,1,1,1,1,1,1,1,1,0,1,1,-1,1,0,-1,1,1,0,1,1,0,1,0,0,1,0
img_022,0,1,1,-1,-1,-1,-1,-1,1,0,1,1,0,0,0,0,0,1,1,0,1,0,0,0,0,0,1
img_023,-1,-1,1,-1,-1,-1,-1,-1,1,-1,-1,1,-1,-1,-1,-1,-1,-1,0,0,1,0,0,0,0,0,1
img_024,1,-1,1,1,1,-1,-1,1,1,-1,-1,1,1,1,0,0,1,0,1,0,1,0,1,0,0,1,0
img_025,0,0,1,1,1,0,0,1,1,0,1,1,1,1,0,1,1,1,0,1,1,0,0,0,0,0,0
img_026,1,0,1,0,0,0,0,1,1,0,0,1,0,0,0,1,1,1,0,0,1,0,0,0,0,1,0
img_027,-1,-1,-1,-1,0,-1,-1,-1,1,0,0,0,0,0,0,0,1,1,0,0,0,1,0,0,0,1,0
img_028,-1,-1,1,-1,0,-1,-1,1,0,0,0,0,0,0,0,0,1,1,0,0,1,1,0,0,0,1,0
img_029,-1,0,1,1,0,-1,-1,1,1,0,0,0,0,0,0,0,1,1,0,0,0,1,0,0,0,1,0
img_030,1,1,-1,-1,1,-1,1,0,1,0,0,0,0,1,0,0,0,0,0,1,0,0,1,0,0,0,0
img_031,-1,-1,-1,-1,1,-1,0,0,1,0,0,0,0,1,0,0,0,0,0,0,0,0,1,0,0,0,0
img_032,-1,-1,1,-1,1,-1,1,1,1,0,0,0,0,1,0,0,1,1,0,0,0,0,1,0,0,1,0
img_033,-1,-1,1,0,1,0,0,0,1,0,0,0,0,1,0,0,0,0,0,0,0,0,1,0,0,0,0
img_034,0,0,1,-1,1,-1,0,1,1,0,0,0,0,1,0,0,0,0,0,0,0,0,1,0,0,0,0
img_035,1,1,-1,-1,1,-1,0,0,1,1,0,0,0,1,0,0,0,1,1,0,0,0,1,0,0,0,0
img_036,0,0,-1,-1,1,-1,0,1,0,0,0,0,0,1,0,0,1,0,0,0,0,0,1,0,0,0,0
img_037,0,0,0,0,1,0,0,1,1,0,0,0,0,1,0,0,1,1,0,0,0,0,1,0,0,0,0
img_038,1,1,1,-1,1,1,0,1,1,0,1,1,1,1,0,0,1,1,0,1,1,0,1,0,0,1,0
img_039,0,0,0,0,1,-1,0,0,1,0,0,0,0,1,0,0,0,1,0,0,0,0,1,0,0,0,0
img_040,0,0,-1,-1,1,-1,0,0,1,0,0,0,0,1,0,0,0,0,0,0,0,0,1,0,0,0,0
img_041,0,1,1,1,1,-1,0,1,1,0,1,1,1,1,0,1,1,1,0,1,0,0,1,0,0,0,1
img_042,0,0,0,-1,0,1,1,1,1,0,0,0,0,0,1,1,1,1,0,0,0,0,0,0,1,1,0
img_043,0,1,1,1,0,1,1,1,1,0,1,1,1,0,1,1,1,1,0,1,0,0,0,1,0,1,0
img_044,0,0,0,0,0,1,1,1,1,0,0,0,0,0,1,1,1,1,0,0,0,0,0,1,0,1,0
img_045,0,0,0,0,0,1,1,1,0,0,0,0,0,0,1,0,1,0,0,0,0,0,0,1,0,1,0
img_046,0,1,0,0,0,1,1,1,1,0,0,0,0,0,1,0,1,1,0,0,0,0,0,1,0,1,0
img_047,0,0,0,0,0,1,1,1,1,0,0,0,0,0,1,0,1,1,0,0,0,0,0,1,0,1,0
img_048,0,1,0,0,0,1,1,1,1,0,0,0,0,0,1,0,1,1,0,0,0,0,0,1,0,1,0
img_049,0,0,0,0,0,1,1,1,0,0,0,0,0,0,1,0,1,1,0,0,0,0,0,1,0,1,0
img_050,0,1,1,0,0,1,0,1,1,0,1,0,0,0,1,0,1,1,0,0,0,0,0,1,0,1,0
img_051,0,1,0,0,0,1,1,1,1,0,1,0,0,0,1,0,1,1,0,0,0,0,0,1,0,1,0
img_052,0,1,0,0,0,1,0,1,1,0,1,0,0,0,1,0,1,1,0,0,0,0,0,1,0,1,0
img_053,0,1,0,0,0,1,1,0,1,0,1,0,0,0,1,0,1,1,0,0,0,0,0,1,0,0,0
img_054,0,1,0,0,0,1,1,1,1,0,1,0,0,0,1,1,1,1,0,0,0,0,0,1,0,1,0
img_055,0,1,0,0,0,1,0,1,1,0,0,1,0,0,1,0,1,1,0,0,1,0,0,1,0,1,1
img_056,0,0,0,0,0,0,1,1,1,0,0,0,0,0,0,1,0,1,0,0,0,0,0,0,1,1,0
img_057,1,1,1,1,0,0,1,1,1,1,0,1,0,0,0,1,1,0,1,0,1,0,0,0,1,0,1
img_058,1,1,0,0,0,0,1,0,0,0,0,0,0,0,0,1,0,0,0,0,0,0,0,0,1,0,0
img_059,1,1,1,0,0,0,1,1,1,1,0,1,0,0,0,1,0,1,0,0,1,0,0,0,1,0,1
img_060,0,0,0,0,0,0,1,1,0,0,0,0,0,0,0,1,1,0,0,0,0,0,0,0,1,1,0
img_061,1,1,1,0,0,0,1,1,1,0,0,0,0,0,0,1,1,0,0,0,0,0,0,0,1,1,1
img_062,0,0,0,0,0,0,1,1,1,0,0,0,0,0,0,1,1,1,0,0,0,0,0,0,1,1,0
img_063,0,0,0,0,0,0,1,1,0,0,0,0,0,0,0,1,0,0,0,0,0,0,0,0,1,0,0
img_064,0,0,0,0,0,-1,1,0,0,0,0,0,0,0,0,1,0,0,0,0,0,0,0,0,1,0,0
img_065,1,1,1,0,0,0,1,1,1,0,0,0,0,0,0,1,0,0,0,0,0,0,0,0,1,0,1
img_066,0,1,0,0,0,0,1,1,1,0,0,0,0,0,0,1,0,0,0,0,0,0,0,0,1,0,0
img_067,0,1,1,1,0,0,1,1,1,0,1,1,0,0,0,1,1,1,0,1,1,0,0,0,1,0,1
img_068,0,1,1,1,0,1,1,1,1,0,0,0,0,0,1,1,0,0,0,0,0,0,0,1,1,0,0
img_069,0,0,0,0,0,1,0,1,0,0,0,0,0,0,1,1,1,0,0,0,0,0,0,1,0,1,0
img_070,0,0,0,0,0,0,1,1,0,0,0,0,0,0,0,1,1,0,0,0,0,0,0,0,1,0,0
img_071,0,1,1,-1,1,0,1,1,1,0,1,0,0,1,0,1,1,1,0,1,0,0,1,0,0,1,0
img_072,0,0,0,0,0,1,0,1,0,0,1,0,0,0,1,1,1,1,0,0,0,0,0,1,0,1,0
img_073,1,1,1,-1,1,0,0,1,1,0,1,1,1,1,0,0,1,1,0,1,1,0,1,0,0,1,1
img_074,1,0,1,0,0,0,0,1,0,1,0,1,0,0,0,0,1,1,1,0,1,0,0,0,0,1,1
img_075,0,0,0,0,0,1,0,1,1,0,0,0,0,0,1,0,1,1,0,0,0,0,0,1,0,1,0
img_076,0,0,0,0,0,1,0,1,1,0,0,0,0,0,1,0,1,0,0,0,0,0,0,1,0,1,0
img_077,0,0,0,0,0,1,0,1,1,0,0,0,0,0,1,1,1,1,0,0,0,0,0,1,0,1,0
img_078,0,0,0,0,0,1,0,1,1,0,0,0,0,0,1,0,1,1,0,0,0,0,0,1,0,1,0
img_079,0,0,0,0,0,1,0,1,0,0,0,0,0,0,1,1,1,0,0,0,0,0,0,1,0,1,0
img_080,0,0,1,0,0,0,0,1,1,0,0,0,0,0,0,0,1,0,0,0,0,0,0,0,-1,1,0
img_081,1,1,1,0,0,0,0,1,1,0,0,0,0,0,0,0,1,1,0,0,0,0,0,0,0,1,1
img_082,0,0,0,0,0,1,0,1,1,0,0,0,0,0,1,0,1,1,0,0,0,0,0,1,0,1,0
img_083,1,0,0,0,0,0,0,0,1,0,0,0,0,1,0,0,0,1,-1,0,0,0,0,0,0,0,1
img_084,0,0,0,0,0,0,0,1,1,0,0,0,0,0,0,0,1,1,0,0,0,0,0,0,0,0,1
img_085,1,0,0,0,0,0,0,0,1,0,0,0,0,0,0,0,0,1,0,0,0,0,0,0,0,0,1
img_086,0,1,0,0,0,0,0,0,1,0,1,0,0,0,0,0,0,1,0,1,0,0,0,0,0,0,1
img_087,0,1,0,0,0,0,0,0,1,0,0,0,0,0,0,0,0,1,0,0,0,0,0,0,0,0,1
img_088,0,0,0,0,0,0,0,0,1,0,0,0,0,0,0,0,0,1,0,0,-1,0,0,0,0,0,-1
img_089,1,1,1,1,0,1,1,0,1,1,1,1,1,0,1,1,0,1,0,0,1,0,0,1,1,0,1
img_090,0,0,1,1,0,0,0,1,1,0,0,-1,-1,0,0,0,0,1,0,0,0,0,0,0,0,0,1
img_091,1,1,1,1,0,0,1,1,1,1,1,0,-1,0,1,1,1,1,0,1,0,0,0,0,1,1,1
img_092,0,1,1,1,0,0,0,1,1,1,0,-1,-1,-1,0,1,1,1,0,0,0,0,0,0,0,0,1
img_093,0,1,1,-1,0,0,0,1,1,1,1,1,0,0,0,1,1,1,0,0,1,0,0,0,0,0,1
img_094,0,1,-1,0,0,0,0,0,1,1,1,0,0,0,0,0,0,1,0,1,0,0,0,0,0,0,1
img_095,0,1,1,1,0,0,0,1,1,0,0,0,0,0,0,0,1,1,1,0,0,0,0,0,0,1,1
img_096,0,1,0,0,0,0,0,0,1,0,0,-1,0,0,0,0,0,1,0,0,0,0,0,0,0,0,1
img_097,0,1,0,0,0,0,0,0,1,0,1,-1,-1,1,0,0,0,1,0,0,0,0,0,0,0,0,1
